<?xml version="1.0" standalone="no"?>
<!DOCTYPE college_data SYSTEM "student.dtd">

<college_data>
	<student>
		<name>Vrushil Soni</name>
		<roll>50</roll>
		<dept>COMP</dept>
		<address>Pune</address>
		<contact>78882849</contact>
		<BDay>23/3/1999</BDay>
		<gender>Male</gender>
	</student>
	
	<student>
		<name>Nakshatra Jagtap</name>
		<roll>16</roll>
		<dept>COMP</dept>
		<address>Pune</address>
		<contact>1234567</contact>
		<BDay>31/8/1998</BDay>
		<gender>Female</gender>
	</student>
	
	<student>
		<name>Manali Mandhare</name>
		<roll>29</roll>
		<dept>COMP</dept>
		<address>Pune</address>
		<contact>88882149</contact>
		<BDay>20/5/1999</BDay>
		<gender>Female</gender>
	</student>
</college_data>